BEGIN TRANSACTION;

INSERT INTO "inspectserver_actor" ("id","ActorShortName","ActorDescription") 
VALUES (1,'QC-HULL','QC Hull'),
 (2,'Ship Staff','Ship Staff'),
 (3,'QC - L&W','QC  L &W'),
 (4,'Contractor','Contractor'),
 (5,'FAB Dept','Fabrication Department'),
 (6,'M-OUT Dept','Manager Outfit Department'),
 (7,'None','No one'),
 (8,'MDDHP','MDDHP Department'),
 (9,'Contracting agency','Agency taking up the contract'),
 (10,'QC ENGG','QC Engineering'),
 (11,'IRS/LRS','IRS/LRS'),
 (12,'CEA','Contract Executing Authority'),
 (13,'MQCE','Manager QC Engg'),
 (14,'User','User Department'),
 (15,'Firm','Firm if offloaded.'),
 (16,'MQCLW','MQC - Electrical and Weapons'),
 (17,'ETMA','ETMA'),
 (18,'IRS','IRS'),
 (20,'Contract Operating Authority (SMAST)','Contract Operating Authority (SMAST)'),
 (21,'ECI','ECI'),
 (22,'ECI Internal QC','ECI Internal QC'),
 (23,'QC(E)','QC(E)'),
 (24,'MMAC','MMAC'),
 (25,'Zonal Store','Zonal Store'),
 (26,'Contract Executing Authority  (CEA)','Contract Executing Authority (CEA)'),
 (27,'Contract Executing Authority  (MAST)','Contract Executing Authority (MAST)'),
 (28,'Contract Executing Authority  (MYCS)','Contract Executing Authority (MYCS)'),
 (29,'Contract Executing Authority  (SMBEF)','Contract Executing Authority (SMBEF)'),
 (30,'Contract Executing Authority  (SMGES)','Contract Executing Authority (SMGES)'),
 (31,'Contract Executing Authority  (SMSYS)','Contract Executing Authority (SMSYS)'),
 (32,'Contract Executing Authority  (SMECI)','Contract Executing Authority (SMECI)'),
 (33,'Contract Executing Authority  (MECI)','Contract Executing Authority (MECI)'),
 (34,'Contract Executing Authority  (MBEF)','Contract Executing Authority (MBEF)'),
 (35,'Contract Executing Authority  (MGES)','Contract Executing Authority (MGES)'),
 (36,'Contract Executing Authority  (MMER)','Contract Executing Authority (MMER)'),
 (37,'DTTT','DTTT'),
 (38,'MTU','MTU'),
 (39,'NATA','NATA'),
 (40,'Contract Executing Authority (MRAC)','Contract Executing Authority (MRAC)'),
 (41,'Contract Executing Authority (SMRAC)','Contract Executing Authority (SMRAC)'),
 (42,'CBIU','CBIU'),
 (43,'Contract Executing Authority (SMMER)','Contract Executing Authority (SMMER)'),
 (44,'Contract Operating Authority (MDAG)','Contract Operating Authority (MDAG)'),
 (45,'Contract Operating Authority (SMIRC)','Contract Operating Authority (SMIRC)'),
 (46,'Contract Operating Authority (MDER)','Contract Operating Authority (MDER)'),
 (47,'Contract Operating Authority (SMDAG)','Contract Operating Authority (SMDAG)'),
 (48,'Contract Operating Authority (SMDER)','Contract Operating Authority (SMDER)'),
 (50,'Contract Executing Dept','Contract Executing Dept'),
 (51,'Agency','Agency'),
 (52,'User Dept','User Dept'),
 (53,'Paint OEM','Paint OEM'),
 (54,'DEPT(In house Job)','DEPT(In house Job)'),
 (55,'Executing Agency','Executing Agency'),
 (56,'Inspection Agency','Inspection Agency'),
 (57,'OEM','OEM'),
 (58,'Safety','Safety'),
 (59,'WTT','WTT'),
 (60,'1-FAB','1-FAB'),
 (61,'Fire','Fire'),
 (62,'Maintenance Dept','Maintenance Dept'),
 (63,'MEPS','MEPS'),
 (64,'SSQA','SSQA'),
 (65,'Q of Y','Q of Y'),
 (66,'In house GRP team','In house GRP team');
INSERT INTO "inspectserver_actorgroup" ("id","GroupNo") 
VALUES (2,2), 
 (3,3),
 (4,4),
 (6,5),
 (7,6),
 (8,7),
 (9,8),
 (10,9),
 (11,17),
 (12,10),
 (13,11),
 (14,12),
 (15,13),
 (16,14),
 (17,15),
 (18,16),
 (19,18),
 (20,19),
 (21,20),
 (22,21),
 (23,22),
 (24,23),
 (25,24),
 (26,25),
 (28,26),
 (29,27),
 (30,28),
 (31,29),
 (32,30),
 (33,31),
 (34,32),
 (35,33),
 (36,34),
 (37,35),
 (38,36),
 (39,37),
 (40,38),
 (41,39),
 (42,40),
 (43,43),
 (44,73),
 (45,74),
 (46,75),
 (47,76),
 (48,77),
 (49,78),
 (50,79),
 (51,80),
 (52,81),
 (53,82),
 (54,83),
 (55,84),
 (56,85),
 (57,86),
 (59,87),
 (60,88),
 (61,89),
 (62,90),
 (63,91);
INSERT INTO "inspectserver_actorgroup_Actors" ("id","actorgroup_id","actor_id")
VALUES (3,2,14),
 (4,3,16),
 (5,4,17),
 (6,4,2),
 (7,4,18),
 (10,6,4),
 (11,6,15),
 (12,7,11),
 (13,8,13),
 (14,9,2),
 (15,10,20),
 (16,11,21),
 (17,12,22),
 (18,13,2),
 (19,13,14),
 (20,14,24),
 (21,14,25),
 (22,14,23),
 (23,15,16),
 (24,16,26),
 (25,17,27),
 (26,18,28),
 (27,19,29),
 (28,20,30),
 (29,21,31),
 (30,22,32),
 (31,23,33),
 (32,24,34),
 (33,25,35),
 (34,26,36),
 (39,28,17),
 (40,28,37),
 (41,28,38),
 (42,28,39),
 (43,29,40),
 (44,30,41),
 (45,31,42),
 (46,32,43),
 (47,33,17),
 (48,33,37),
 (49,34,44),
 (50,35,45),
 (51,36,17),
 (52,36,37),
 (53,36,38),
 (54,37,46),
 (55,38,47),
 (56,39,48),
 (57,40,53),
 (58,41,1),
 (59,42,52),
 (60,43,14),
 (61,43,15),
 (62,44,15),
 (63,44,54),
 (64,45,52),
 (65,45,55),
 (66,46,56),
 (67,46,3),
 (68,47,2),
 (69,47,18),
 (70,48,57),
 (71,49,58),
 (72,50,26),
 (73,50,52),
 (74,51,59),
 (75,52,17),
 (76,52,59),
 (77,53,54),
 (78,54,55),
 (79,55,56),
 (80,56,60),
 (81,57,14),
 (82,57,15),
 (83,57,62),
 (86,59,1),
 (87,59,3),
 (88,60,8),
 (89,60,64),
 (90,60,6),
 (91,60,63),
 (92,61,65),
 (93,61,5),
 (94,62,66),
 (95,62,4),
 (96,63,6),
 (97,63,14);
COMMIT;
